id;data_criacao;usuario_criacao_acao;pendente;data_execucao_acao;ativa;foto;foto_content_type;observacoes
1;2022-03-12T04:03:56;Architect COM;false;2022-03-12;false;../fake-data/blob/hipster.png;image/png;Bedfordshire
2;2022-03-12T10:04:38;Steel;false;2022-03-12;true;../fake-data/blob/hipster.png;image/png;pixel Future-proofed array
3;2022-03-12T00:06:16;Wooden;true;2022-03-12;true;../fake-data/blob/hipster.png;image/png;Neck SQL intuitive
4;2022-03-11T22:15:58;Romania parse;false;2022-03-12;true;../fake-data/blob/hipster.png;image/png;auxiliary empower Directives
5;2022-03-11T15:21:13;Rustic;false;2022-03-12;false;../fake-data/blob/hipster.png;image/png;Louisiana Planner Awesome
6;2022-03-12T10:15:51;purple;true;2022-03-12;true;../fake-data/blob/hipster.png;image/png;Personal mobile Tools
7;2022-03-12T05:39:16;Berkshire;true;2022-03-12;false;../fake-data/blob/hipster.png;image/png;system
8;2022-03-12T06:39:38;turquoise;false;2022-03-11;false;../fake-data/blob/hipster.png;image/png;Account sensor
9;2022-03-12T01:59:48;Human recontextualize Checking;true;2022-03-11;false;../fake-data/blob/hipster.png;image/png;protocol Automotive Cambridgeshire
10;2022-03-12T02:18:14;California;false;2022-03-12;false;../fake-data/blob/hipster.png;image/png;River JSON
